content,tox_bin,label,base_pred,base_prob,ft_pred,ft_prob,char_len,algospeak
"I really enjoyed it. Subscribed to the channel now, this is why I'm here, to find new stuff! I don't know if I'd get away with using dick as an assertion - we're an army house and in army slang to ""dick"" someone is to pick a person (often at random) for an unpleasant or boring task or duty, like ""I need 4 people to clean the toilets on the Friday night after pay day, corporal can you dick some private soldiers please""",2,0,0,0.076,1,0.944,421,—
Pretty sure Self defense was a high priority. Money/power = opportunity for thieves. Pretty Sure all the Trumps are trained it almost is necessity,3,0,0,0.022,1,0.796,146,—
He should fire his doctor if that was the advice.,3,0,0,0.001,1,0.549,49,—
"now that we have disposed of all the annoying ""bluesky elders"", i am going to propose a few rules so that people Post Right,,,",1,0,0,0.011,1,0.553,126,—
"This is like colonialist capitalist mad-libs:

""…[railway workers] say they’re paying price for the [robber baron]'s push to colonize [the west] at breakneck speed.""

""…[Belgian conscripts] say they’re paying price for [King Leopold, II]'s push to colonize [the Congolese] at breakneck speed.""",4,0,0,0.04,1,0.78,293,—
"If you ever talk to a fat who lost even a slight amount of weight, they'll always talk about how much easier life is by being slimmer.  No fat is proud to be fat, it really is a coping mechanism.",1,0,0,0.066,1,0.528,195,—
"I'll join you. I'm below the drinking age, so I'll crack open a root beer and let fatties (especially bitter old femayos) reee about how I'm just NatUrALlY sKinNy WiTH gOoD gUnknEtics and 'can eat anything you want!' and totally not just fitting the occasional treat into my caloric budget and leading a healthy lifestyle like everyone else on this subverse.",2,0,0,0.006,1,0.514,358,—
"That's awful.

An example of why I encourage those that can to volunteer to work the poles. We definitely need more people that give a shit about everyone exercising their right to vote.",2,0,0,0.312,1,0.539,186,—
That will get those obeasts away from me for sure and I'll still keep my job!,2,0,0,0.003,1,0.774,77,—
These YouTube algorithms smh. Anti-dog propaganda????,4,0,0,0.01,1,0.938,53,—
"""She's a lot like you
The dangerous type""
#vinylcommunity #vinylrecords #thecars",2,0,0,0.022,1,0.507,80,—
"Vice journalist Sam Kriss calls for Katie Hopkins to be fired for Islamophobia, then tweets that he'd like to burn war poppies in front of British soldiers ",1,0,0,0.017,1,0.561,156,—
"For real. If you’re already disabled or partially disabled, why the hell would you actively make your life harder by getting fat?",1,0,0,0.072,1,0.776,129,—
"🚩🚩🚩🚩🚩🚩🚩🚩🚩🚩🚩🚩🚩

If you're seeing someone (a real person not an hallucination), and they make reference to every other person in their life that's your gender as being terrible in some way (especially look out for : a string of terrible exes) RUN.

🚩🚩🚩🚩🚩🚩🚩🚩🚩🚩🚩🚩🚩",3,0,0,0.007,1,0.558,260,—
"> baselessly accuse trans women of ""being LB"" as a smear so that when/if her next account is actually outed, she can claim it's another case of a false transmisogynistic smear. after she was outed for taking over the antiwork subreddit, some people incorrectly claimed the person who took over >",2,0,0,0.039,1,0.51,295,—
"Mailing list link is NOT for Substack, by the way. It's MailChimp. We'll be deleting our Substack shortly, given their whole, newly-explicit ""Nazis are great!"" stance.",3,0,0,0.017,1,0.879,167,—
Morbidly obese woman complaining about people not complimenting her body ,2,0,0,0.067,1,0.697,73,—
"Fat privilege is... ...being able to eat off of your gunt like a table. ...having a neck pillow that inhibits breathing ...being fat and not having to run during the zombie apocalypse because you'll get eaten first ...not being able to escape burning buildings  ...being harder to kidnap because no one actually wants to kidnap you ...hiring people to wipe your ass because you can't wipe your own What else did I miss?  Edit: Adding more provided by more users: @Tinedmovie4062  ...not having to worry about saving for retirement. @bammed Being able to find things in stores that are your size and business appropriate. @BagOdix Being able to swindle a seat on the subway because people think you're pregnant. @blue5car ... having never going hungry a day in its life, but being nonetheless oppressed. @frisco Not having to spend time finding flattering clothes or worrying about your appearance, since you'll look like shit regardless of what you wear. @GandolfHitler ...not having to explain why your furniture is broken. ...being the first one down the hill if you fall. ...being customer of the month at Golden Corral. ...not needing an airbag because you're wedged safely in place behind the steering wheel. ...being able to simultaneously rest your chin on your chest and look straight ahead. ...sneaking snacks from home (AKA McDonalds) into movie theaters stashed in your fat rolls. @theepilepticferret Fat privilege is being born in a place and time where food is so abundant that you can gorge while others starve, all the while complaining of the social inconveniences that you suffer as a consequence of your choices",4,0,0,0.474,1,0.605,1629,—
"Same here--I don't go to church, wear short hair or disagree with abortion but by the standards of the old National Review articles from the 50s and 60s--especially the scientific posts by Ernest van den Haag--I would have called myself a conservative.  The BLM stuff, Ferguson, IQ test hypocrisy, and what happened to South Africa made me a shitlord in UncuckTheRight's sense of the term--I used to be just a Wendy McElroy-supporting sex-positive atheist libertarian opposed to the welfare state--which was bad enough by the left's standards--then I became a race realist a la Arthur Jensen and the TiA mods don't like me anymore (denying that race is purely a social construct got me a ban warning).  LasherDeviance used to call me a racist, and now I am one.",1,0,0,0.061,1,0.516,761,—
"Maybe ""coonman"" is playing ""possum""..",2,0,0,0.085,1,0.588,37,—
SCOTUS Keeps Trump On The Ballot | Trump's Brain Is Broken | Speed & Xanax Abuse In Trump's WH,1,0,0,0.369,1,0.565,94,—
"From a long conversation about how the Welsh Dragon, Y Ddraig Goch, is very often literally depicted with his dick out, and that it's a shame that detail never made it onto the flag:
furaffinity.net/view/54108299/",2,0,0,0.028,1,0.566,213,—
He definitely plays for a team with a racist mascot.,4,0,0,0.052,1,0.601,52,—
"Entering my softie trans kitty Blizzard into this!!!!

@@1297088",0,0,0,0.015,1,0.611,64,—
I'm sickened myself.,2,0,0,0.044,1,0.659,20,—
"I know I've asked a great deal but having laid out £2068 to pay arrears on top of saving for a deposit for a new flat to extend the time before I'm evicted I'm fucked right now. If anyone could help pay even a fiver towards that it would help my life considerably 
gofund.me/1b931e2e",4,0,0,0.001,1,0.874,283,—
Boob didn't airbag it?,1,0,0,0.017,1,0.537,22,—
i think liberals and leftists and all kind of progressives want to be smart and perceived as smart so badly that they simply cannot conceive of there being an entire contingent of society that doesn’t give a shit about looking smart so long as they win,2,0,0,0.247,1,0.5,252,—
They need to issue a gag order.,3,0,0,0.001,1,0.599,31,—
Right? Nothing matters while we still look like crazy lunatics. People need to be held accountable so the rest of the public figures it out. Is Hillary in jail? No. Justice delayed is Justice denied,2,0,0,0.418,1,0.87,198,—
I'm like the guys that WON WW2.  So you're a shabbos goy?,0,0,0,0.022,1,0.559,57,—
"Lol, I say it's Link to the Past, but yours is an opinion I can respect. These kids and their 3D trash need to get off my lawn.",2,0,0,0.038,1,0.874,127,—
"From 2012: ""it's time to stigmatise impact factors the way  cigarettes have been. It's time to start a smear campaign so that nobody will look at them w/o thinking of their ill effects, so that nobody will mention them uncritically w/o feeling a prick of shame"" occamstypewriter.org/scurry/2012/...",4,0,0,0.001,1,0.618,298,—
Grimfae might be a little bit misunderstood. They’re not inherently evil - but they are still very dangerous.,4,0,0,0.052,1,0.51,109,—
"I will continue to shit post through tragedy

It's how I stay sane",4,0,0,0.179,1,0.807,66,—
They're minis so they aren't as bad tee hee!,1,0,0,0.009,1,0.576,44,—
if this was murder then..... ,1,0,0,0.017,1,0.511,29,—
SJW thinks I.T admin privileges are Nazi privileges ,4,0,0,0.003,1,0.947,52,—
"Most of what you dislike about Christianity is likely from weird Christians.  You're supposed to treat your body as the temple of the Lord, not as a garbage disposal.",1,0,0,0.489,1,0.519,166,—
I'd like to milk the two people please,4,0,0,0.004,1,0.515,38,—
That's because hippos like that think they'll burn a thousand calories from 15 minutes on a treadmill at a leisurely waddle.,2,0,0,0.007,1,0.696,124,—
It's funny new he was fine with US Nazi's but the idea he's ok with Hopkins still seems worse.,1,0,0,0.006,1,0.502,94,—
"The only consolation on that front is she'll die younger than average. Unfortunately I doubt it will compensate for all the resources she'll have drained to manage her self-inflicted ""condition"", resources that could've benefited people with actual, unavoidable medical problems.",2,0,0,0.001,1,0.581,279,—
Why does the Northernmost Town in America Exist? ,0,0,0,0.001,1,0.598,49,—
"Evil is striking back. I hate to say it, but this lockdown is essential https://twitter.com/Inevitable_ET/status/1263154205109317632?s=19 We knew they wouldn't lie down without a fight,  don't be naive.  Is this what we are going to keep seeing leading up to Nov?  Is this why we have a lockdown?  Opening up states and business is least of normies worries.  They need to wake the hell up and see the enemy for who they truly are! Not sure how to strike back. It's not going to be easy as there's many trying to take down America with a thousand cuts.  The best I can do is tell you guys to be safe.  And pray!",4,0,0,0.002,1,0.61,610,—
We are dealing with terrorists,2,0,0,0.006,1,0.616,30,—
It’s between these and the dhal for most vegan party contribution - these were SO GOOD! ⭐️ ⭐️ ⭐️ ⭐️ ⭐️,0,0,0,0.002,1,0.586,102,—
"It would be illegal to treat an animal this bad. But your own body, no problem!",1,0,0,0.014,1,0.555,79,—
Thanks I hate it 😭,1,0,0,0.005,1,0.672,18,—
"An Androgynous Puppygal? Her name is Reece and She goes by She/They Pronouns

She's also trans- :3",0,0,0,0.046,1,0.798,98,—
Toryboy and Daily Mail lunatic Andrew Pierce investigated by his employer for sexual misconduct. When even the Daily Mail think you’ve gone too far it really must be bad,4,0,0,0.186,1,0.607,169,—
"I'll take Bikers ... don't care what the line is.  1/1000000, will still take it.  Guaranteed money.",2,0,0,0.001,1,0.93,100,—
@Gollum @The_Penis_Wizard             26d4,1,0,0,0.116,1,0.78,42,—
Why would we ever bailout private equity firms? Seriously these are supposedly the most sophisticated investors.  Let's give Capitalism a chance.,3,0,0,0.001,1,0.593,145,—
"Sadly, a few of those actors are fat now ),:",2,0,0,0.026,1,0.568,44,—
Old Hill dog and her colostomy bag. She just doesn't get it. Bless her heart...,2,0,0,0.039,1,0.818,79,—
Clinton Crony Says Bernie Supporters Must Be Silenced For 2020 Primaries ,3,0,0,0.001,1,0.684,73,—
"Pfffft
Rhea youre a cute dork :3",1,0,0,0.053,1,0.855,32,—
Sort of feel like the combination of “you must work productively if you want to be allowed live” and “technology will allow production without the expense of human labor” should be a bit of a giveaway as to capitalism’s murderous intentions.,3,0,0,0.001,1,0.575,241,—
"What is even more ironic, is that some of that clickbait is actually advertisements targeted at them. As in, based on their browsing history, the advertiser reckons they're an insecure fatty who'll pay attention to some ""get fit quick"" clickbait bollocks. It seems to have worked!",4,0,0,0.009,1,0.644,280,—
"The cat demands a good breeding and her dog is more than happy to oblige!
Awesome work as always done by Kelevtov <3",3,0,0,0.003,1,0.727,116,—
"I hope I die before that day comes, though.  Life expectancy of humans is greater, so we'll probably outlive the eatbeasts by quite a bit.",2,0,0,0.012,1,0.586,138,—
"Someone should make a post that slanders themself. And then sue facebook for publishing slander. Then use the settlement money to pay others to do the same, in a neverending slander-settlement machine that destroys facebook and makes an example of them.",2,0,0,0.002,1,0.86,253,—
"""What Happened to the Land of the Free?"" ""the manipulation of social doctors,"" whose remedies are too often worse than the diseases they purport to treat."" ",2,0,0,0.006,1,0.651,156,—
"i just think it's really funny when like white people in the suburbs get on the internet get mad at sex workers and housing insecure queer people and call them ""privileged"" for being mad at biden",1,0,0,0.164,1,0.763,195,—
"I think about that all the time , deliberately make us sick",0,0,0,0.038,1,0.675,59,—
hell yea,4,0,0,0.02,1,0.762,8,—
"That's just not how it works anymore. He will be placed in PC and li  7fed  ve out his life normally with no threats or worries.  Due to liability concerns, the private prison industry does not allow prison justice to occur any longer. Those were the old days.They segregate out the sex offenders and snitches into their own cell blocks now.  Your prison rape revenge fantasies are just that. Fantasies. It simply doesn't happen like that any longer.",2,0,0,0.032,1,0.708,450,—
marxists leninists hate this one trick,3,0,0,0.329,1,0.9,38,—
"That's not a sub division it's a cult complex. Obviously the gazebo is meant for ritual gatherings. 

No real sidelines from the outside of the circle. Definitely sacrificial.",3,0,0,0.001,1,0.841,175,—
"Particular France. Even though that ban violates the anti-discrimination laws that the SJWs love. And SJWs claim that people can't control their weight. So, that means there's no such thing as anorexia, right? They were just born that way, it doesn't depend on what they eat. So how can they justify a ban of underweight models? It's not like they could influence young people to change their genetics to be thinner.",1,0,0,0.001,1,0.539,416,—
You are saying that a female that weights less than 132-154lbs is an unhealthy weight and possibly anorexic?,2,0,0,0.01,1,0.793,108,—
"The AI uprising was never going to happen because AI is trained by humans, and that means it is trained in laziness.",3,0,0,0.004,1,0.561,116,—
"Aww, the poor thing was just in starvation mode, that's all! Burning more calories could have been DANGEROUS!",1,0,0,0.017,1,0.559,109,—
I will not hold my breathe waiting for the USA to actually kill someone for High Treason... TRUMP may surprise me  A Welcomed Surprise!!,3,0,0,0.109,1,0.76,136,leet:kill
"Famous fatass claim ""Fit but Fat"" proven to be science as junk as their food ",4,0,0,0.361,1,0.851,77,—
"Now that I am becoming a more vocal shitlady, I've been called an elitist. Which I find hilarious. But, if it's true, so be it, for despising HAES, deathfats, and their cost to our society.",0,0,0,0.416,1,0.567,189,—
"Not pro life, pro foetus & pro birth. Once a child is born, they've no interest, especially if the parents lack resources.",4,0,0,0.001,1,0.517,122,—
When life hands you lemons Joe Biden kills you with them,3,0,0,0.025,1,0.773,56,—
"Sure, Jesus is a ""foot guy,"" but Satan is truly enlightened on the subject.",1,0,0,0.044,1,0.664,75,—
"Another holiday centered on a mythical being. A ""president""? Complete fairy tale. You think there's ONE GUY who governs the WHOLE country? Grow up.",3,0,0,0.028,1,0.554,147,—
So all women have to do is to identify as conservative and they magically become more attractive?  No one said that.,4,0,0,0.002,1,0.527,116,—
yep. can't take the guns so make it illegal to use them.,1,0,0,0.004,1,0.775,56,—
"Rebel Wilson claims to have been sexually harassed by a Hollywood executive. Best Facebook shitlording ever. Won't name who done it, or when, but it did happen apparently. 9 news Facebook broadcasts the story and hundreds of people shitlord in the comments.   An industry full of beautiful women and someone chose her to harrass? Fuck off fat Amy you attention seeking blimp.  https://www.facebook.com/9News/posts/1697933910254439",3,0,0,0.33,1,0.543,430,—
"Obviously, oppressed people have new BMWs. plays this is America",1,0,0,0.01,1,0.741,64,—
